{
  "project_info": {
    "project_number": "366129885893",
    "firebase_url": "https://segutax-dc1b8.firebaseio.com",
    "project_id": "segutax-dc1b8",
    "storage_bucket": "segutax-dc1b8.appspot.com"
  },
  "client": [
    {
      "client_info": {
        "mobilesdk_app_id": "1:366129885893:android:727df82d83e2403f",
        "android_client_info": {
          "package_name": "com.edgar_avc.segutax"
        }
      },
      "oauth_client": [
        {
          "client_id": "366129885893-nm34q6b5a89c3dk7p4dnknmfp5h182gd.apps.googleusercontent.com",
          "client_type": 3
        }
      ],
      "api_key": [
        {
          "current_key": "AIzaSyBUMBny4ysFBZaW-YmGCcheQ0GM35MC5nw"
        }
      ],
      "services": {
        "appinvite_service": {
          "other_platform_oauth_client": [
            {
              "client_id": "366129885893-nm34q6b5a89c3dk7p4dnknmfp5h182gd.apps.googleusercontent.com",
              "client_type": 3
            }
          ]
        }
      }
    },
    {
      "client_info": {
        "mobilesdk_app_id": "1:366129885893:android:0a3024b52076fc992eb6ac",
        "android_client_info": {
          "package_name": "com.edgar_avc.supportingplanet"
        }
      },
      "oauth_client": [
        {
          "client_id": "366129885893-nm34q6b5a89c3dk7p4dnknmfp5h182gd.apps.googleusercontent.com",
          "client_type": 3
        }
      ],
      "api_key": [
        {
          "current_key": "AIzaSyBUMBny4ysFBZaW-YmGCcheQ0GM35MC5nw"
        }
      ],
      "services": {
        "appinvite_service": {
          "other_platform_oauth_client": [
            {
              "client_id": "366129885893-nm34q6b5a89c3dk7p4dnknmfp5h182gd.apps.googleusercontent.com",
              "client_type": 3
            }
          ]
        }
      }
    }
  ],
  "configuration_version": "1"
}